id,file_name,satellite,file_size,date_time,latitude,longitude
1,16ecdcaba57090fd247cf8bf09456a35.jpg,NAS-778,9806,"2021-10-17 23:25:59",-7.4179100,-56.5379390
2,315b89e7fe67dd943a93fd0bdf6488e9.jpg,AMZ-901,17777,"2021-10-17 23:20:16",-0.3267320,-61.6269150
3,641eb3cee3c2b8a50c8474867f41991d.jpg,BRA-104,683,"2021-10-17 08:48:44",-7.8474910,-57.6519670
4,6146c0595377ad1ccb085fac388cfc09.jpg,BRA-104,3642,"2021-10-17 16:03:03",-3.5364990,-63.8307170
5,85657877fb07a14c0a741f11d2f8aad8.jpg,NAS-778,8472,"2021-10-17 13:08:32",-1.4381710,-66.6188780
6,22711fdd4642d4fef43c774c15ed9890.jpg,BRA-104,16177,"2021-10-17 05:25:06",-8.8695050,-66.7628070
7,1cdc1c46f96ba2bdc9312673bf3a2eb6.jpg,BRA-104,13176,"2021-10-17 06:18:30",-6.2162950,-64.8395180
8,92512555fbf1c140d90628a96a814663.jpg,AMZ-903,19040,"2021-10-17 15:22:47",-3.0676900,-62.0990340
9,b88193d412cb004be6da569abcfe0fac.jpg,AMZ-901,8971,"2021-10-17 06:33:45",-3.6410470,-61.5794900
10,ded3a9c6ec278bfe2fc1fad0da57ed6a.jpg,AMZ-901,7520,"2021-10-17 23:46:24",-3.3859300,-58.1440800
11,1c45a8a03d6229ba057bec571b2a0bc0.jpg,AMZ-901,13993,"2021-10-17 08:06:37",-6.7627940,-58.4709770
12,bba3d5b99586ce631f9de1c1966b3a7d.jpg,AMZ-901,7999,"2021-10-17 07:08:14",-2.5773020,-59.9603120
13,146302299dd867215f62e19d70b05587.jpg,NAS-778,5919,"2021-10-17 03:50:34",-4.8246410,-58.2865360
14,f54acb574e9717019019e3dccccbfad7.jpg,AMZ-901,2256,"2021-10-17 18:25:08",-2.5800480,-56.7739620
15,76601b28f47983c9470ac4458c755d23.jpg,NAS-772,7923,"2021-10-17 23:00:18",-7.2074880,-56.4162890
16,eccf72c47e1bff3bb439f33311d4d546.jpg,AMZ-903,7661,"2021-10-17 17:33:27",-7.2006350,-57.0366490
17,674add97e931cbc85b570288fcea48ff.jpg,BRA-102,18317,"2021-10-17 11:07:24",-3.7996730,-61.2192870
18,0bbd419756895ea1290ebd5aa970d1ee.jpg,NAS-772,10696,"2021-10-17 23:10:06",-4.0413330,-56.9644370
19,ca671afe24405fa47391c4faf0f3d503.jpg,BRA-104,16612,"2021-10-17 21:40:53",-0.8613660,-61.6877080
20,397cae7d78ebbe6c0240f096ab500ec7.jpg,NAS-772,6792,"2021-10-17 20:39:15",-0.7616840,-65.3158470
21,7e20ca7a0de81db377fccdfa7ee2ad15.jpg,BRA-104,9755,"2021-10-17 11:40:08",-5.3024760,-59.4096390
22,bfcca6e1227cf703e5c76196008d2f5b.jpg,NAS-778,4800,"2021-10-17 12:35:41",-3.1138050,-64.2351560
23,a6e198bd90e9cba85ceb625b1282ebb5.jpg,AMZ-901,18451,"2021-10-17 11:10:48",-6.4318000,-65.8360200
24,e6828cd06d84ebfd57788ea3b11dd403.jpg,AMZ-901,12934,"2021-10-17 12:43:53",-0.3878880,-66.8281970
25,b56ec2a146a20fadd2d91c12f3ca49fa.jpg,BRA-102,6728,"2021-10-17 02:17:12",-4.6957700,-64.7239490
26,4a8b21de3c1ac30c9277ae0260e8a66b.jpg,BRA-104,19564,"2021-10-17 22:54:11",-4.2086620,-64.3539990
27,6747f3306ff847e1e9161255d288e737.jpg,BRA-102,14362,"2021-10-17 10:41:45",-8.9192100,-65.8368620
28,2d8258574c65a969e9efdbf25630448c.jpg,NAS-772,2639,"2021-10-17 21:21:12",-7.1049820,-67.5007490
29,ad085e14c69c3963c5cfcc2b09424c36.jpg,BRA-104,1130,"2021-10-17 02:41:11",-4.6807690,-66.8369120
30,037c3c5d027045133cc2308f57c7d61d.jpg,AMZ-903,8497,"2021-10-17 09:39:05",-7.2831800,-59.6206780
31,59c870cb24630407d63a31d2a2d86cb3.jpg,AMZ-903,12868,"2021-10-17 02:46:28",-3.3442330,-56.5649420
32,c1b9c622562c7070f512bee99230e09a.jpg,AMZ-901,9435,"2021-10-18 00:04:09",-0.5638620,-61.4917420
33,e6a67bf7b7b7b6fe04193d3258aea0b6.jpg,BRA-102,2531,"2021-10-17 07:51:50",-6.3171630,-57.8611840
34,f1f71dddf472d83e9459143a48ad20da.jpg,NAS-772,15399,"2021-10-17 02:06:14",-0.9225730,-64.9399890
35,5e7939ac0e78aacc6facaf11cfe96f5e.jpg,BRA-102,8234,"2021-10-17 01:00:21",-4.9635280,-56.3098640
36,c24e925b2976a8156b1364dc6ca5c017.jpg,BRA-104,8408,"2021-10-17 09:40:16",-7.0676880,-67.3560120
37,ddcc95949bc6d06d5daae828973d9f40.jpg,NAS-778,983,"2021-10-17 02:43:41",-7.4021310,-64.8084080
38,f4689b55390249363c85874ea40214b8.jpg,NAS-778,8536,"2021-10-17 04:02:26",-2.5386150,-63.9019170
39,d9735dfa023edb36833c19ab5ffeafb0.jpg,AMZ-901,7265,"2021-10-17 15:08:11",-8.6727140,-64.7596390
40,db6e6fd9ab2daeb297f673682c0d7175.jpg,BRA-104,18861,"2021-10-17 08:29:28",-1.0365050,-63.3773580
41,b841e62ca4821b4f9f1177b6743be6ef.jpg,NAS-772,11285,"2021-10-17 13:01:31",-3.5052340,-68.3322540
42,9a64eac8f0d1466e11fec549f680f53b.jpg,AMZ-903,9535,"2021-10-17 21:46:41",-6.7682690,-56.9604530
43,48579ec8534d11322f6ba697f190cdf2.jpg,NAS-772,7260,"2021-10-17 08:50:23",-2.9494660,-65.1405930
44,eab5fc5820304819ad39c3cfb4a0a692.jpg,AMZ-901,12985,"2021-10-17 01:46:00",-3.3932890,-66.6194420
45,6df323c236cc546eaaca46fea2d6a3f1.jpg,AMZ-903,16351,"2021-10-17 10:19:53",-7.9444100,-65.0543130
46,81edfd939d5ae52837066fbcb38e9ecf.jpg,NAS-778,15581,"2021-10-17 15:41:18",-3.6740810,-58.1885930
47,9d4065b8bd6f480dd2e257b4bd032a1b.jpg,AMZ-901,12467,"2021-10-17 00:49:39",-6.3010790,-63.4135420
48,1588a12dfefa16554bcff52466973ea5.jpg,NAS-778,14941,"2021-10-17 21:15:52",-4.2561090,-59.1836290
49,554a2615252b688384befc5810f0131d.jpg,AMZ-901,6287,"2021-10-17 01:42:06",-7.3475620,-67.1880200
50,c080b134dcead9c49cd5057e56594940.jpg,NAS-778,6372,"2021-10-17 06:00:50",-8.4079800,-56.5910390
51,e56391d0f26de14b51cf394e3d78cb23.jpg,AMZ-903,5901,"2021-10-17 15:46:54",-3.8602220,-66.7667800
52,a6ee22addc373f6dcbfc9f7dd2a77508.jpg,AMZ-903,11395,"2021-10-17 14:54:47",-4.8383280,-65.3192900
53,3bd10ff9e35f89c6a009da9f72432779.jpg,AMZ-901,8178,"2021-10-17 01:11:06",-2.7936530,-61.8456980
54,af0519597812f7fb91a76b14dfd99db5.jpg,NAS-772,9872,"2021-10-17 15:10:04",-8.8516520,-61.5850960
55,ae4294e36fbcf2e51952e93f5995af1a.jpg,AMZ-903,13592,"2021-10-17 13:53:40",-0.8099920,-56.8021320
56,850fbccb2106966fc286067b3b4cfc70.jpg,AMZ-901,11146,"2021-10-17 18:22:15",-2.6398100,-62.5048450
57,6c102b836aec78137377ea6b000d6c51.jpg,NAS-778,13926,"2021-10-17 08:21:04",-2.7292730,-63.2904890
58,3595271342ca0a0623ac511f8ecb09c0.jpg,BRA-102,19942,"2021-10-17 04:17:38",-0.7042930,-67.0359320
59,5e88483742e188f0360d2f6cc9ac75a2.jpg,NAS-778,12013,"2021-10-17 07:05:29",-4.9521380,-59.2795610
60,16e695037c1d3b242170aceddc53898a.jpg,NAS-772,9361,"2021-10-17 22:26:25",-3.7461500,-63.2473110
61,4643bf4a9b29108b084121fa1050aba9.jpg,AMZ-903,9980,"2021-10-17 07:32:29",-8.9940780,-63.2341370
62,d0854dd4de14912a5cb1c1ee2f5f1334.jpg,AMZ-901,13648,"2021-10-17 12:51:47",-7.3215220,-68.1378530
63,d7a6dcf4ead4b0bfe73bf547148962e1.jpg,AMZ-903,11534,"2021-10-17 04:58:33",-4.6480100,-68.8440520
64,7ef7233ec921afafad7d2d17bed7e70a.jpg,NAS-772,16817,"2021-10-17 21:41:41",-8.4129110,-67.9411970
65,ab224d1defb5ebbe030263d2bbd82a98.jpg,AMZ-903,16641,"2021-10-17 19:52:18",-8.6763950,-68.9028580
66,5a748bf6e292d2be00a9076b14964846.jpg,BRA-102,5516,"2021-10-17 20:28:28",-7.6369230,-68.4750780
67,c49f4c132593a6b74bb4b683ce7bdf57.jpg,BRA-102,17336,"2021-10-17 23:38:54",-3.2508190,-64.4918450
68,07facd93ade4e93a7105adcb424440fd.jpg,AMZ-901,17066,"2021-10-17 17:23:41",-0.7639110,-67.2112350
69,56b76d93b158172a25b40711868549a0.jpg,BRA-104,16099,"2021-10-17 02:02:51",-8.0654230,-62.1971280
70,2e573ebdfd6ebc13891cc0e985ee76ed.jpg,AMZ-903,4807,"2021-10-17 01:15:52",-3.1355800,-58.0855790
71,569396229475408705948f4bb8a77d93.jpg,NAS-772,10980,"2021-10-17 00:52:50",-5.5031120,-64.2067080
72,025a24cca6c772d88311ae9419c80962.jpg,AMZ-901,9386,"2021-10-17 17:46:40",-1.7615390,-59.2132340
73,f1e6ec9c0b7fe3d8ca05cc2659bda1ef.jpg,BRA-102,7335,"2021-10-17 23:42:46",-8.8123810,-67.4593000
74,e33789227f4974f718a2627e608db4b7.jpg,BRA-102,2247,"2021-10-17 10:46:02",-5.5924990,-66.6325420
75,3b54bce6dad4e39ce2b614016dad0b6c.jpg,AMZ-901,6913,"2021-10-17 08:45:12",-1.3981110,-62.0745710
76,9f1d13d10ff8d7bfc0021634060a2299.jpg,BRA-102,3987,"2021-10-17 20:54:26",-4.0632010,-59.7689310
77,9f2abe4fc767a6cb1253a8d6da76df4f.jpg,NAS-778,1360,"2021-10-17 12:02:36",-1.6151110,-59.1534880
78,dd0d8a88dceae17972f4bc1f12d49b0d.jpg,NAS-778,12415,"2021-10-17 05:06:32",-2.9732810,-63.1268350
79,4f074bad34c1687b3e24d64146d59ca7.jpg,BRA-104,4360,"2021-10-17 21:51:03",-7.5935030,-56.6408130
80,25db0c8aacd3c035f50ca0b7db66f083.jpg,BRA-102,1680,"2021-10-17 03:10:57",-6.2894180,-59.1208460
81,cdd59fb95c2426d3ad765bceb7d856c5.jpg,BRA-104,15877,"2021-10-17 04:38:43",-0.9611380,-56.3943110
82,557e583f6899903b95598333ea5775df.jpg,BRA-102,16744,"2021-10-18 00:10:43",-0.7451560,-66.9642530
83,aae5a47d3865336c136060633f8d51e2.jpg,BRA-102,4064,"2021-10-17 00:55:42",-8.9376580,-59.1596470
84,992035e0205075efd3d60c10455e1936.jpg,AMZ-901,18987,"2021-10-17 01:44:07",-4.3675680,-66.2747400
85,b35001e3f36ce3c991d4d6ae9128d406.jpg,NAS-772,16995,"2021-10-17 16:20:07",-6.1350670,-59.5282620
86,9f0eac851c83b2a1ebaaad0177a9be24.jpg,BRA-102,8466,"2021-10-17 03:42:08",-4.2897350,-56.5173530
87,92114886f88ddc374c1f220965d9439e.jpg,BRA-104,18747,"2021-10-17 01:02:39",-8.7683890,-63.0948710
88,ec415ac839e90ef7ac21b8cb759c9374.jpg,AMZ-903,7881,"2021-10-17 12:07:45",-3.4706630,-60.6446070
89,d38b178c8b7a9a077d3700646bb774f2.jpg,NAS-778,11667,"2021-10-17 15:43:02",-5.5910680,-62.6059920
90,9b249789246159dca87744c709c96ef9.jpg,AMZ-901,8056,"2021-10-17 09:51:04",-2.7695070,-62.8079920
91,6423be2564b990823eb08efcc3d8dec0.jpg,BRA-102,14638,"2021-10-17 14:20:36",-7.3970080,-63.8392570
92,aba1c562268b2aa299bce13e2fefb962.jpg,AMZ-901,10227,"2021-10-17 11:59:06",-4.2866290,-61.8297340
93,d5dacfafa3f39d4eadd82cff9d2dddf6.jpg,NAS-778,3271,"2021-10-17 17:20:55",-6.6601830,-56.6750680
94,d5382798c466a8ae530ba39769e33c3c.jpg,AMZ-901,1951,"2021-10-17 01:33:54",-8.3010620,-65.4773100
95,d4bf22eaa48162a67b577645dc4ccbae.jpg,AMZ-901,12666,"2021-10-17 05:49:45",-5.5342110,-60.5916610
96,1c4e98b83857f90c4a18ef8fbedb879f.jpg,AMZ-903,1064,"2021-10-17 20:10:31",-0.4574740,-59.8206620
97,4da258671f5a50292002019eda7bfbb7.jpg,BRA-104,3579,"2021-10-17 04:03:38",-1.9803180,-65.2170820
98,f003f47a783e4bb8f7dac6243ea5462a.jpg,BRA-104,9747,"2021-10-17 06:26:40",-6.4256970,-62.6827290
99,b5359e32d7abeb08243d58eaa204210a.jpg,NAS-778,6676,"2021-10-17 02:44:40",-4.2520700,-62.3272870
